PersonId,LastLogin
1,2020/01/01
2,2022/05/30
3,2022/05/31
4,2022/06/01
5,2022/06/02
6,2022/06/03
7,2022/06/04
8,2022/06/05
9,2022/06/06
10,2022/06/07
11,2022/06/08
12,2022/06/09
13,2022/06/10
14,2022/06/11
15,2022/06/12
16,2022/06/13
17,2022/06/14
18,2022/06/15
19,2022/06/16
20,2022/06/17
21,2022/06/18
22,2022/06/19
23,2022/06/20
24,2022/06/21
25,2022/06/22
26,2022/06/23
27,2022/06/24
28,2022/06/25
29,2022/06/26
30,2022/06/27
31,2022/06/28
32,2022/06/29
33,2022/06/30
34,2022/07/01
35,2022/07/02
36,2022/07/03
37,2022/07/04
38,2022/07/05
39,2022/07/06
40,2022/07/07
41,2022/07/08
42,2022/07/09
43,2022/07/10
44,2022/07/11
45,2022/07/12
46,2022/07/13
47,2022/07/14
48,2022/07/15
49,2022/07/16
50,2022/07/17
51,2022/07/18
52,2022/07/19
53,2022/07/20
54,2022/07/21
55,2022/07/22
56,2022/07/23
57,2022/07/24
58,2022/07/25
59,2022/07/26
60,2022/07/27
61,2022/07/28
62,2022/07/29
63,2022/07/30
64,2022/07/31
65,2022/08/01
66,2022/08/02
67,2022/08/03
68,2022/08/04
69,2022/04/06
70,2022/04/07
71,2022/04/08
72,2022/04/09
73,2022/04/10
74,2022/04/11
75,2022/04/12
76,2022/04/13
77,2022/04/14
78,2022/04/15
79,2022/04/16
80,2022/04/17
81,2022/04/18
82,2022/04/19
83,2022/04/20
84,2022/04/21
85,2022/04/22
86,2022/04/23
87,2022/04/24
88,2022/04/25
89,2022/04/26
90,2022/04/27
91,2022/04/28
92,2022/04/29
93,2022/04/30
94,2022/05/01
95,2022/05/02
96,2022/05/03
97,2022/05/04
98,2022/05/05
99,2022/05/06
100,2022/05/07
101,2022/05/08
102,2022/05/09
103,2022/05/10
104,2022/05/11
105,2022/05/12
106,2022/05/13
107,2022/05/14
108,2022/04/06
109,2022/04/07
110,2022/04/08
111,2022/04/09
112,2022/04/10
113,2022/04/11
114,2022/04/12
115,2022/04/13
116,2022/04/14
117,2022/04/15
118,2022/04/16
119,2022/04/17
120,2022/04/18
121,2022/04/19
122,2022/04/20
123,2022/04/21
124,2022/04/22
125,2022/04/23
126,2022/04/24
127,2022/04/25
128,2022/04/26
129,2022/04/27
130,2022/04/28
131,2022/04/29
132,2022/04/30
133,2022/05/01
134,2022/05/02
135,2022/05/03
136,2022/05/04
137,2022/05/05
138,2022/05/06
139,2022/05/07
140,2022/05/08
141,2022/05/09
142,2022/05/10
143,2022/05/11
144,2022/05/12
145,2022/05/13
146,2022/05/14
147,2022/04/06
148,2022/04/07
149,2022/04/08
150,2022/04/09
151,2022/04/10
152,2022/04/11
153,2022/04/12
154,2022/04/13
155,2022/04/14
156,2022/04/15
157,2022/04/16
158,2022/04/17
159,2022/04/18
160,2022/04/19
161,2022/04/20
162,2022/04/21
163,2022/04/22
164,2022/04/23
165,2022/04/24
166,2022/04/25
167,2022/04/26
168,2022/04/27
169,2022/04/28
170,2022/04/29
171,2022/04/30
172,2022/05/01
173,2022/05/02
174,2022/05/03
175,2022/05/04
176,2022/05/05
177,2022/05/06
178,2022/05/07
179,2022/05/08
180,2022/05/09
181,2022/05/10
182,2022/05/11
183,2022/05/12
184,2022/05/13
185,2022/05/14
186,2022/04/06
187,2022/04/07
188,2022/04/08
189,2022/04/09
190,2022/04/10
191,2022/04/11
192,2022/04/12
193,2022/04/13
194,2022/04/14
195,2022/04/15
196,2022/04/16
197,2022/04/17
198,2022/04/18
199,2022/04/19
200,2022/04/20
201,2022/04/21
202,2022/04/22
203,2022/04/23
204,2022/04/24
205,2022/04/25
206,2022/04/26
207,2022/04/27
208,2022/04/28
209,2022/04/29
210,2022/04/30
211,2022/05/01
212,2022/05/02
213,2022/05/03
214,2022/05/04
215,2022/05/05
216,2022/05/06
217,2022/05/07
218,2022/05/08
219,2022/05/09
220,2022/05/10
221,2022/05/11
222,2022/05/12
223,2022/05/13
224,2022/05/14
225,2022/04/06
226,2022/04/07
227,2022/04/08
228,2022/04/09
229,2022/04/10
230,2022/04/11
231,2022/04/12
232,2022/04/13
233,2022/04/14
234,2022/04/15
235,2022/04/16
236,2022/04/17
237,2022/04/18
238,2022/04/19
239,2022/04/20
240,2022/04/21
241,2022/04/22
242,2022/04/23
243,2022/04/24
244,2022/04/25
245,2022/04/26
246,2022/04/27
247,2022/04/28
248,2022/04/29
249,2022/04/30
250,2022/05/01
251,2022/05/02
252,2022/05/03
253,2022/05/04
254,2022/05/05
255,2022/05/06
256,2022/05/07
257,2022/05/08
258,2022/05/09
259,2022/05/10
260,2022/05/11
261,2022/05/12
262,2022/05/13
263,2022/05/14
264,2022/04/06
265,2022/04/07
266,2022/04/08
267,2022/04/09
268,2022/04/10
269,2022/04/11
270,2022/04/12
271,2022/04/13
272,2022/04/14
273,2022/04/15
274,2022/04/16
275,2022/04/17
276,2022/04/18
277,2022/04/19
278,2022/04/20
279,2022/04/21
280,2022/04/22
281,2022/04/23
282,2022/04/24
283,2022/04/25
284,2022/04/26
285,2022/04/27
286,2022/04/28
287,2022/04/29
288,2022/04/30
289,2022/05/01
290,2022/05/02
291,2022/05/03
292,2022/05/04
293,2022/05/05
294,2022/05/06
295,2022/05/07
296,2022/05/08
297,2022/05/09
298,2022/05/10
299,2022/05/11
300,2022/05/12
301,2022/05/13
302,2022/05/14
303,2022/04/06
304,2022/04/07
305,2022/04/08
306,2022/04/09
307,2022/04/10
308,2022/04/11
309,2022/04/12
310,2022/04/13
311,2022/04/14
312,2022/04/15
313,2022/04/16
314,2022/04/17
315,2022/04/18
316,2022/04/19
317,2022/04/20
318,2022/04/21
319,2022/04/22
320,2022/04/23
321,2022/04/24
322,2022/04/25
323,2022/04/26
324,2022/04/27
325,2022/04/28
326,2022/04/29
327,2022/04/30
328,2022/05/01
329,2022/05/02
330,2022/05/03
331,2022/05/04
332,2022/05/05
333,2022/05/06
334,2022/05/07
335,2022/05/08
336,2022/05/09
337,2022/05/10
338,2022/05/11
339,2022/05/12
340,2022/05/13
341,2022/05/14
342,2022/04/06
343,2022/04/07
344,2022/04/08
345,2022/04/09
346,2022/04/10
347,2022/04/11
348,2022/04/12
349,2022/04/13
350,2022/04/14
351,2022/04/15
352,2022/04/16
353,2022/04/17
354,2022/04/18
355,2022/04/19
356,2022/04/20
357,2022/04/21
358,2022/04/22
359,2022/04/23
360,2022/04/24
361,2022/04/25
362,2022/04/26
363,2022/04/27
364,2022/04/28
365,2022/04/29
366,2022/04/30
367,2022/05/01
368,2022/05/02
369,2022/05/03
370,2022/05/04
371,2022/05/05
372,2022/05/06
373,2022/05/07
374,2022/05/08
375,2022/05/09
376,2022/05/10
377,2022/05/11
378,2022/05/12
379,2022/05/13
380,2022/05/14
381,2022/04/06
382,2022/04/07
383,2022/04/08
384,2022/04/09
385,2022/04/10
386,2022/04/11
387,2022/04/12
388,2022/04/13
389,2022/04/14
390,2022/04/15
391,2022/04/16
392,2022/04/17
393,2022/04/18
394,2022/04/19
395,2022/04/20
396,2022/04/21
397,2022/04/22
398,2022/04/23
399,2022/04/24
400,2022/04/25
401,2022/04/26
402,2022/04/27
403,2022/04/28
404,2022/04/29
405,2022/04/30
406,2022/05/01
407,2022/05/02
408,2022/05/03
409,2022/05/04
410,2022/05/05
411,2022/05/06
412,2022/05/07
413,2022/05/08
414,2022/05/09
415,2022/05/10
416,2022/05/11
417,2022/05/12
418,2022/05/13
419,2022/05/14
420,2022/04/06
421,2022/04/07
422,2022/04/08
423,2022/04/09
424,2022/04/10
425,2022/04/11
426,2022/04/12
427,2022/04/13
428,2022/04/14
429,2022/04/15
430,2022/04/16
431,2022/04/17
432,2022/04/18
433,2022/04/19
434,2022/04/20
435,2022/04/21
436,2022/04/22
437,2022/04/23
438,2022/04/24
439,2022/04/25
440,2022/04/26
441,2022/04/27
442,2022/04/28
443,2022/04/29
444,2022/04/30
445,2022/05/01
446,2022/05/02
447,2022/05/03
448,2022/05/04
449,2022/05/05
450,2022/05/06
451,2022/05/07
452,2022/05/08
453,2022/05/09
454,2022/05/10
455,2022/05/11
456,2022/05/12
457,2022/05/13
458,2022/05/14
459,2022/04/06
460,2022/04/07
461,2022/04/08
462,2022/04/09
463,2022/04/10
464,2022/04/11
465,2022/04/12
466,2022/04/13
467,2022/04/14
468,2022/04/15
469,2022/04/16
470,2022/04/17
471,2022/04/18
472,2022/04/19
473,2022/04/20
474,2022/04/21
475,2022/04/22
476,2022/04/23
477,2022/04/24
478,2022/04/25
479,2022/04/26
480,2022/04/27
481,2022/04/28
482,2022/04/29
483,2022/04/30
484,2022/05/01
485,2022/05/02
486,2022/05/03
487,2022/05/04
488,2022/05/05
489,2022/05/06
490,2022/05/07
491,2022/05/08
492,2022/05/09
493,2022/05/10
494,2022/05/11
495,2022/05/12
496,2022/05/13
497,2022/05/14
498,2022/04/06
499,2022/04/07
500,2022/04/08
501,2022/04/09
502,2022/04/10
503,2022/04/11
504,2022/04/12
505,2022/04/13
506,2022/04/14
507,2022/04/15
508,2022/04/16
509,2022/04/17
510,2022/04/18
511,2022/04/19
512,2022/04/20
513,2022/04/21
514,2022/04/22
515,2022/04/23
516,2022/04/24
517,2022/04/25
518,2022/04/26
519,2022/04/27
520,2022/04/28
521,2022/04/29
522,2022/04/30
523,2022/05/01
524,2022/05/02
525,2022/05/03
526,2022/05/04
527,2022/05/05
528,2022/05/06
529,2022/05/07
530,2022/05/08
531,2022/05/09
532,2022/05/10
533,2022/05/11
534,2022/05/12
535,2022/05/13
536,2022/05/14
537,2022/04/06
538,2022/04/07
539,2022/04/08
540,2022/04/09
541,2022/04/10
542,2022/04/11
543,2022/04/12
544,2022/04/13
545,2022/04/14
546,2022/04/15
547,2022/04/16
548,2022/04/17
549,2022/04/18
550,2022/04/19
551,2022/04/20
552,2022/04/21
553,2022/04/22
554,2022/04/23
555,2022/04/24
556,2022/04/25
557,2022/04/26
558,2022/04/27
559,2022/04/28
560,2022/04/29
561,2022/04/30
562,2022/05/01
563,2022/05/02
564,2022/05/03
565,2022/05/04
566,2022/05/05
567,2022/05/06
568,2022/05/07
569,2022/05/08
570,2022/05/09
571,2022/05/10
572,2022/05/11
573,2022/05/12
574,2022/05/13
575,2022/05/14
576,2022/04/06
577,2022/04/07
578,2022/04/08
579,2022/04/09
580,2022/04/10
581,2022/04/11
582,2022/04/12
583,2022/04/13
584,2022/04/14
585,2022/04/15
586,2022/04/16
587,2022/04/17
588,2022/04/18
589,2022/04/19
590,2022/04/20
591,2022/04/21
592,2022/04/22
593,2022/04/23
594,2022/04/24
595,2022/04/25
596,2022/04/26
597,2022/04/27
598,2022/04/28
599,2022/04/29
600,2022/04/30
601,2022/05/01
602,2022/05/02
603,2022/05/03
604,2022/05/04
605,2022/05/05
606,2022/05/06
607,2022/05/07
608,2022/05/08
609,2022/05/09
610,2022/05/10
611,2022/05/11
612,2022/05/12
613,2022/05/13
614,2022/05/14
615,2022/04/06
616,2022/04/07
617,2022/04/08
618,2022/04/09
619,2022/04/10
620,2022/04/11
621,2022/04/12
622,2022/04/13
623,2022/04/14
624,2022/04/15
625,2022/04/16
626,2022/04/17
627,2022/04/18
628,2022/04/19
629,2022/04/20
630,2022/04/21
631,2022/04/22
632,2022/04/23
633,2022/04/24
634,2022/04/25
635,2022/04/26
636,2022/04/27
637,2022/04/28
638,2022/04/29
639,2022/04/30
640,2022/05/01
641,2022/05/02
642,2022/05/03
643,2022/05/04
644,2022/05/05
645,2022/05/06
646,2022/05/07
647,2022/05/08
648,2022/05/09
649,2022/05/10
650,2022/05/11
651,2022/05/12
652,2022/05/13
653,2022/05/14
654,2022/05/15
655,2022/05/16
656,2022/05/17
657,2022/05/18
658,2022/05/19
659,2022/05/20
660,2022/05/21
661,2022/05/22
662,2022/05/23
663,2022/05/24
664,2022/05/25
665,2022/05/26
666,2022/05/27
667,2022/05/28
668,2022/05/29
669,2022/05/30
670,2022/05/31
671,2022/06/01
672,2022/06/02
673,2022/06/03
674,2022/06/04
675,2022/06/05
676,2022/06/06
677,2022/06/07
678,2022/06/08
679,2022/06/09
680,2022/06/10
681,2022/06/11
682,2022/06/12
683,2022/06/13
684,2022/06/14
685,2022/06/15
686,2022/06/16
687,2022/06/17
688,2022/06/18
689,2022/06/19
690,2022/06/20
691,2022/06/21
692,2022/06/22
693,2022/06/23
694,2022/06/24
695,2022/06/25
696,2022/06/26
697,2022/06/27
698,2022/06/28
699,2022/06/29
700,2022/06/30
701,2022/07/01
702,2022/07/02
703,2022/07/03
704,2022/07/04
705,2022/07/05
706,2022/07/06
707,2022/07/07
708,2022/07/08
709,2022/07/09
710,2022/07/10
711,2022/07/11
712,2022/07/12
713,2022/07/13
714,2022/07/14
715,2022/07/15
716,2022/07/16
717,2022/07/17
718,2022/07/18
719,2022/07/19
720,2022/07/20
721,2022/07/21
722,2022/07/22
723,2022/07/23
724,2022/07/24
725,2022/07/25
726,2022/07/26
727,2022/07/27
728,2022/07/28
729,2022/07/29
730,2022/07/30
731,2022/07/31
732,2022/08/01
733,2022/08/02
734,2022/08/03
735,2022/08/04
736,2022/05/15
737,2022/05/16
738,2022/05/17
739,2022/05/18
740,2022/05/19
741,2022/05/20
742,2022/05/21
743,2022/05/22
744,2022/05/23
745,2022/05/24
746,2022/05/25
747,2022/05/26
748,2022/05/27
749,2022/05/28
750,2022/05/29
751,2022/05/30
752,2022/05/31
753,2022/06/01
754,2022/06/02
755,2022/06/03
756,2022/06/04
757,2022/06/05
758,2022/06/06
759,2022/06/07
760,2022/06/08
761,2022/06/09
762,2022/06/10
763,2022/06/11
764,2022/06/12
765,2022/06/13
766,2022/06/14
767,2022/06/15
768,2022/06/16
769,2022/06/17
770,2022/06/18
771,2022/06/19
772,2022/06/20
773,2022/06/21
774,2022/06/22
775,2022/06/23
776,2022/06/24
777,2022/06/25
778,2022/06/26
779,2022/06/27
780,2022/06/28
781,2022/06/29
782,2022/06/30
783,2022/07/01
784,2022/07/02
785,2022/07/03
786,2022/07/04
787,2022/07/05
788,2022/07/06
789,2022/07/07
790,2022/07/08
791,2022/07/09
792,2022/07/10
793,2022/07/11
794,2022/07/12
795,2022/07/13
796,2022/07/14
797,2022/07/15
798,2022/07/16
799,2022/07/17
800,2022/07/18
801,2022/07/19
802,2022/07/20
803,2022/07/21
804,2022/07/22
805,2022/07/23
806,2022/07/24
807,2022/07/25
808,2022/07/26
809,2022/07/27
810,2022/07/28
811,2022/07/29
812,2022/07/30
813,2022/07/31
814,2022/08/01
815,2022/08/02
816,2022/08/03
817,2022/08/04
818,2022/05/15
819,2022/05/16
820,2022/05/17
821,2022/05/18
822,2022/05/19
823,2022/05/20
824,2022/05/21
825,2022/05/22
826,2022/05/23
827,2022/05/24
828,2022/05/25
829,2022/05/26
830,2022/05/27
831,2022/05/28
832,2022/05/29
833,2022/05/30
834,2022/05/31
835,2022/06/01
836,2022/06/02
837,2022/06/03
838,2022/06/04
839,2022/06/05
840,2022/06/06
841,2022/06/07
842,2022/06/08
843,2022/06/09
844,2022/06/10
845,2022/06/11
846,2022/06/12
847,2022/06/13
848,2022/06/14
849,2022/06/15
850,2022/06/16
851,2022/06/17
852,2022/06/18
853,2022/06/19
854,2022/06/20
855,2022/06/21
856,2022/06/22
857,2022/06/23
858,2022/06/24
859,2022/06/25
860,2022/06/26
861,2022/06/27
862,2022/06/28
863,2022/06/29
864,2022/06/30
865,2022/07/01
866,2022/07/02
867,2022/07/03
868,2022/07/04
869,2022/07/05
870,2022/07/06
871,2022/07/07
872,2022/07/08
873,2022/07/09
874,2022/07/10
875,2022/07/11
876,2022/07/12
877,2022/07/13
878,2022/07/14
879,2022/07/15
880,2022/07/16
881,2022/07/17
882,2022/07/18
883,2022/07/19
884,2022/07/20
885,2022/07/21
886,2022/07/22
887,2022/07/23
888,2022/07/24
889,2022/07/25
890,2022/07/26
891,2022/07/27
892,2022/07/28
893,2022/07/29
894,2022/07/30
895,2022/07/31
896,2022/08/01
897,2022/08/02
898,2022/08/03
899,2022/08/04
900,2022/05/15
901,2022/05/16
902,2022/05/17
903,2022/05/18
904,2022/05/19
905,2022/05/20
906,2022/05/21
907,2022/05/22
908,2022/05/23
909,2022/05/24
910,2022/05/25
911,2022/05/26
912,2022/05/27
913,2022/05/28
914,2022/05/29
915,2022/05/30
916,2022/05/31
917,2022/06/01
918,2022/06/02
919,2022/06/03
920,2022/06/04
921,2022/06/05
922,2022/06/06
923,2022/06/07
924,2022/06/08
925,2022/06/09
926,2022/06/10
927,2022/06/11
928,2022/06/12
929,2022/06/13
930,2022/06/14
931,2022/06/15
932,2022/06/16
933,2022/06/17
934,2022/06/18
935,2022/06/19
936,2022/06/20
937,2022/06/21
938,2022/06/22
939,2022/06/23
940,2022/06/24
941,2022/06/25
942,2022/06/26
943,2022/06/27
944,2022/06/28
945,2022/06/29
946,2022/06/30
947,2022/07/01
948,2022/07/02
949,2022/07/03
950,2022/07/04
951,2022/07/05
952,2022/07/06
953,2022/07/07
954,2022/07/08
955,2022/07/09
956,2022/07/10
957,2022/07/11
958,2022/07/12
959,2022/07/13
960,2022/07/14
961,2022/07/15
962,2022/07/16
963,2022/07/17
964,2022/07/18
965,2022/07/19
966,2022/07/20
967,2022/07/21
968,2022/07/22
969,2022/07/23
970,2022/07/24
971,2022/07/25
972,2022/07/26
973,2022/07/27
974,2022/07/28
975,2022/07/29
976,2022/07/30
977,2022/07/31
978,2022/08/01
979,2022/08/02
980,2022/08/03
981,2022/08/04
982,2022/05/15
983,2022/05/16
984,2022/05/17
985,2022/05/18
986,2022/05/19
987,2022/05/20
988,2022/05/21
989,2022/05/22
990,2022/05/23
991,2022/05/24
992,2022/05/25
993,2022/05/26
994,2022/05/27
995,2022/05/28
996,2022/05/29
997,2022/05/30
998,2022/05/31
999,2022/06/01
1000,2022/06/02
